--------------------------------------------------------
-- Archivo creado  - miércoles-junio-26-2024   
--------------------------------------------------------
--------------------------------------------------------
--  DDL for Sequence EMPLOYEES_SEQ
--------------------------------------------------------

   CREATE SEQUENCE  "CYBERIO"."EMPLOYEES_SEQ"  MINVALUE 1 MAXVALUE 9999999999999999999999999999 INCREMENT BY 1 START WITH 41 CACHE 20 NOORDER  NOCYCLE ;
--------------------------------------------------------
--  DDL for Sequence EMPLOYEE_WORKED_HOURS_SEQ
--------------------------------------------------------

   CREATE SEQUENCE  "CYBERIO"."EMPLOYEE_WORKED_HOURS_SEQ"  MINVALUE 1 MAXVALUE 9999999999999999999999999999 INCREMENT BY 50 START WITH 1 CACHE 20 NOORDER  NOCYCLE ;
--------------------------------------------------------
--  DDL for Sequence GENDERS_SEQ
--------------------------------------------------------

   CREATE SEQUENCE  "CYBERIO"."GENDERS_SEQ"  MINVALUE 1 MAXVALUE 9999999999999999999999999999 INCREMENT BY 50 START WITH 1 CACHE 20 NOORDER  NOCYCLE ;
--------------------------------------------------------
--  DDL for Sequence JOBS_SEQ
--------------------------------------------------------

   CREATE SEQUENCE  "CYBERIO"."JOBS_SEQ"  MINVALUE 1 MAXVALUE 9999999999999999999999999999 INCREMENT BY 50 START WITH 1 CACHE 20 NOORDER  NOCYCLE ;
--------------------------------------------------------
--  DDL for Table EMPLOYEES
--------------------------------------------------------

  CREATE TABLE "CYBERIO"."EMPLOYEES" 
   (	"ID" NUMBER(38,0), 
	"GENDER_ID" NUMBER(38,0), 
	"JOB_ID" NUMBER(38,0), 
	"NAME" VARCHAR2(255 BYTE), 
	"LAST_NAME" VARCHAR2(255 BYTE), 
	"BIRTHDATE" DATE
   ) SEGMENT CREATION IMMEDIATE 
  PCTFREE 10 PCTUSED 40 INITRANS 1 MAXTRANS 255 NOCOMPRESS LOGGING
  STORAGE(INITIAL 65536 NEXT 1048576 MINEXTENTS 1 MAXEXTENTS 2147483645
  PCTINCREASE 0 FREELISTS 1 FREELIST GROUPS 1 BUFFER_POOL DEFAULT FLASH_CACHE DEFAULT CELL_FLASH_CACHE DEFAULT)
  TABLESPACE "USERS" ;
--------------------------------------------------------
--  DDL for Table EMPLOYEE_WORKED_HOURS
--------------------------------------------------------

  CREATE TABLE "CYBERIO"."EMPLOYEE_WORKED_HOURS" 
   (	"ID" NUMBER(38,0), 
	"EMPLOYEE_ID" NUMBER(38,0), 
	"WORKED_HOURS" NUMBER(38,0), 
	"WORKED_DATE" DATE
   ) SEGMENT CREATION IMMEDIATE 
  PCTFREE 10 PCTUSED 40 INITRANS 1 MAXTRANS 255 NOCOMPRESS LOGGING
  STORAGE(INITIAL 65536 NEXT 1048576 MINEXTENTS 1 MAXEXTENTS 2147483645
  PCTINCREASE 0 FREELISTS 1 FREELIST GROUPS 1 BUFFER_POOL DEFAULT FLASH_CACHE DEFAULT CELL_FLASH_CACHE DEFAULT)
  TABLESPACE "USERS" ;
--------------------------------------------------------
--  DDL for Table GENDERS
--------------------------------------------------------

  CREATE TABLE "CYBERIO"."GENDERS" 
   (	"ID" NUMBER, 
	"NAME" VARCHAR2(255 BYTE)
   ) SEGMENT CREATION IMMEDIATE 
  PCTFREE 10 PCTUSED 40 INITRANS 1 MAXTRANS 255 NOCOMPRESS LOGGING
  STORAGE(INITIAL 65536 NEXT 1048576 MINEXTENTS 1 MAXEXTENTS 2147483645
  PCTINCREASE 0 FREELISTS 1 FREELIST GROUPS 1 BUFFER_POOL DEFAULT FLASH_CACHE DEFAULT CELL_FLASH_CACHE DEFAULT)
  TABLESPACE "USERS" ;
--------------------------------------------------------
--  DDL for Table JOBS
--------------------------------------------------------

  CREATE TABLE "CYBERIO"."JOBS" 
   (	"ID" NUMBER(38,0), 
	"NAME" VARCHAR2(255 BYTE), 
	"SALARY" NUMBER(38,0)
   ) SEGMENT CREATION IMMEDIATE 
  PCTFREE 10 PCTUSED 40 INITRANS 1 MAXTRANS 255 NOCOMPRESS LOGGING
  STORAGE(INITIAL 65536 NEXT 1048576 MINEXTENTS 1 MAXEXTENTS 2147483645
  PCTINCREASE 0 FREELISTS 1 FREELIST GROUPS 1 BUFFER_POOL DEFAULT FLASH_CACHE DEFAULT CELL_FLASH_CACHE DEFAULT)
  TABLESPACE "USERS" ;
REM INSERTING into CYBERIO.EMPLOYEES
SET DEFINE OFF;
Insert into CYBERIO.EMPLOYEES (ID,GENDER_ID,JOB_ID,NAME,LAST_NAME,BIRTHDATE) values ('1','2','1','Felix','Rowland',to_date('20/10/08','DD/MM/RR'));
Insert into CYBERIO.EMPLOYEES (ID,GENDER_ID,JOB_ID,NAME,LAST_NAME,BIRTHDATE) values ('2','2','3','Yvonne','Jerry',to_date('26/11/03','DD/MM/RR'));
Insert into CYBERIO.EMPLOYEES (ID,GENDER_ID,JOB_ID,NAME,LAST_NAME,BIRTHDATE) values ('3','2','1','Rachel','Bella',to_date('23/12/92','DD/MM/RR'));
Insert into CYBERIO.EMPLOYEES (ID,GENDER_ID,JOB_ID,NAME,LAST_NAME,BIRTHDATE) values ('4','2','4','Carl','Cardew',to_date('26/07/89','DD/MM/RR'));
Insert into CYBERIO.EMPLOYEES (ID,GENDER_ID,JOB_ID,NAME,LAST_NAME,BIRTHDATE) values ('5','2','2','Emily','Salma',to_date('02/07/02','DD/MM/RR'));
Insert into CYBERIO.EMPLOYEES (ID,GENDER_ID,JOB_ID,NAME,LAST_NAME,BIRTHDATE) values ('6','1','2','Ethelreda','Jodie',to_date('22/07/87','DD/MM/RR'));
Insert into CYBERIO.EMPLOYEES (ID,GENDER_ID,JOB_ID,NAME,LAST_NAME,BIRTHDATE) values ('7','1','3','Tyra','Gertie',to_date('12/02/15','DD/MM/RR'));
Insert into CYBERIO.EMPLOYEES (ID,GENDER_ID,JOB_ID,NAME,LAST_NAME,BIRTHDATE) values ('8','1','5','Brandy','Wilma',to_date('30/04/87','DD/MM/RR'));
Insert into CYBERIO.EMPLOYEES (ID,GENDER_ID,JOB_ID,NAME,LAST_NAME,BIRTHDATE) values ('9','1','1','Julianne','Doug',to_date('06/05/86','DD/MM/RR'));
Insert into CYBERIO.EMPLOYEES (ID,GENDER_ID,JOB_ID,NAME,LAST_NAME,BIRTHDATE) values ('10','1','4','Aaron','Joey',to_date('05/06/21','DD/MM/RR'));
Insert into CYBERIO.EMPLOYEES (ID,GENDER_ID,JOB_ID,NAME,LAST_NAME,BIRTHDATE) values ('21','1','3','Cyberio','Virtual',to_date('10/02/80','DD/MM/RR'));
Insert into CYBERIO.EMPLOYEES (ID,GENDER_ID,JOB_ID,NAME,LAST_NAME,BIRTHDATE) values ('22','1','3','Cyberia','Virtual',to_date('10/02/80','DD/MM/RR'));
REM INSERTING into CYBERIO.EMPLOYEE_WORKED_HOURS
SET DEFINE OFF;
Insert into CYBERIO.EMPLOYEE_WORKED_HOURS (ID,EMPLOYEE_ID,WORKED_HOURS,WORKED_DATE) values ('2','1','5',to_date('05/06/21','DD/MM/RR'));
Insert into CYBERIO.EMPLOYEE_WORKED_HOURS (ID,EMPLOYEE_ID,WORKED_HOURS,WORKED_DATE) values ('1','1','5',to_date('05/06/21','DD/MM/RR'));
REM INSERTING into CYBERIO.GENDERS
SET DEFINE OFF;
Insert into CYBERIO.GENDERS (ID,NAME) values ('1','MASCULINO');
Insert into CYBERIO.GENDERS (ID,NAME) values ('2','FEMENIMO');
REM INSERTING into CYBERIO.JOBS
SET DEFINE OFF;
Insert into CYBERIO.JOBS (ID,NAME,SALARY) values ('1','DEV','20000');
Insert into CYBERIO.JOBS (ID,NAME,SALARY) values ('2','DBA','30000');
Insert into CYBERIO.JOBS (ID,NAME,SALARY) values ('3','CEO','40000');
Insert into CYBERIO.JOBS (ID,NAME,SALARY) values ('4','MTI','50000');
Insert into CYBERIO.JOBS (ID,NAME,SALARY) values ('5','CGI','60000');
--------------------------------------------------------
--  DDL for Index EMPLOYEES_PK
--------------------------------------------------------

  CREATE UNIQUE INDEX "CYBERIO"."EMPLOYEES_PK" ON "CYBERIO"."EMPLOYEES" ("ID") 
  PCTFREE 10 INITRANS 2 MAXTRANS 255 
  STORAGE(INITIAL 65536 NEXT 1048576 MINEXTENTS 1 MAXEXTENTS 2147483645
  PCTINCREASE 0 FREELISTS 1 FREELIST GROUPS 1 BUFFER_POOL DEFAULT FLASH_CACHE DEFAULT CELL_FLASH_CACHE DEFAULT)
  TABLESPACE "USERS" ;
--------------------------------------------------------
--  DDL for Index EMPLOYEE_WORKED_HOURS_PK
--------------------------------------------------------

  CREATE UNIQUE INDEX "CYBERIO"."EMPLOYEE_WORKED_HOURS_PK" ON "CYBERIO"."EMPLOYEE_WORKED_HOURS" ("ID") 
  PCTFREE 10 INITRANS 2 MAXTRANS 255 
  STORAGE(INITIAL 65536 NEXT 1048576 MINEXTENTS 1 MAXEXTENTS 2147483645
  PCTINCREASE 0 FREELISTS 1 FREELIST GROUPS 1 BUFFER_POOL DEFAULT FLASH_CACHE DEFAULT CELL_FLASH_CACHE DEFAULT)
  TABLESPACE "USERS" ;
--------------------------------------------------------
--  DDL for Index GENDER_PK
--------------------------------------------------------

  CREATE UNIQUE INDEX "CYBERIO"."GENDER_PK" ON "CYBERIO"."GENDERS" ("ID") 
  PCTFREE 10 INITRANS 2 MAXTRANS 255 
  STORAGE(INITIAL 65536 NEXT 1048576 MINEXTENTS 1 MAXEXTENTS 2147483645
  PCTINCREASE 0 FREELISTS 1 FREELIST GROUPS 1 BUFFER_POOL DEFAULT FLASH_CACHE DEFAULT CELL_FLASH_CACHE DEFAULT)
  TABLESPACE "USERS" ;
--------------------------------------------------------
--  DDL for Index JOBS_PK
--------------------------------------------------------

  CREATE UNIQUE INDEX "CYBERIO"."JOBS_PK" ON "CYBERIO"."JOBS" ("ID") 
  PCTFREE 10 INITRANS 2 MAXTRANS 255 
  STORAGE(INITIAL 65536 NEXT 1048576 MINEXTENTS 1 MAXEXTENTS 2147483645
  PCTINCREASE 0 FREELISTS 1 FREELIST GROUPS 1 BUFFER_POOL DEFAULT FLASH_CACHE DEFAULT CELL_FLASH_CACHE DEFAULT)
  TABLESPACE "USERS" ;
--------------------------------------------------------
--  DDL for Index EMPLOYEES_PK
--------------------------------------------------------

  CREATE UNIQUE INDEX "CYBERIO"."EMPLOYEES_PK" ON "CYBERIO"."EMPLOYEES" ("ID") 
  PCTFREE 10 INITRANS 2 MAXTRANS 255 
  STORAGE(INITIAL 65536 NEXT 1048576 MINEXTENTS 1 MAXEXTENTS 2147483645
  PCTINCREASE 0 FREELISTS 1 FREELIST GROUPS 1 BUFFER_POOL DEFAULT FLASH_CACHE DEFAULT CELL_FLASH_CACHE DEFAULT)
  TABLESPACE "USERS" ;
--------------------------------------------------------
--  DDL for Index EMPLOYEE_WORKED_HOURS_PK
--------------------------------------------------------

  CREATE UNIQUE INDEX "CYBERIO"."EMPLOYEE_WORKED_HOURS_PK" ON "CYBERIO"."EMPLOYEE_WORKED_HOURS" ("ID") 
  PCTFREE 10 INITRANS 2 MAXTRANS 255 
  STORAGE(INITIAL 65536 NEXT 1048576 MINEXTENTS 1 MAXEXTENTS 2147483645
  PCTINCREASE 0 FREELISTS 1 FREELIST GROUPS 1 BUFFER_POOL DEFAULT FLASH_CACHE DEFAULT CELL_FLASH_CACHE DEFAULT)
  TABLESPACE "USERS" ;
--------------------------------------------------------
--  DDL for Index GENDER_PK
--------------------------------------------------------

  CREATE UNIQUE INDEX "CYBERIO"."GENDER_PK" ON "CYBERIO"."GENDERS" ("ID") 
  PCTFREE 10 INITRANS 2 MAXTRANS 255 
  STORAGE(INITIAL 65536 NEXT 1048576 MINEXTENTS 1 MAXEXTENTS 2147483645
  PCTINCREASE 0 FREELISTS 1 FREELIST GROUPS 1 BUFFER_POOL DEFAULT FLASH_CACHE DEFAULT CELL_FLASH_CACHE DEFAULT)
  TABLESPACE "USERS" ;
--------------------------------------------------------
--  DDL for Index JOBS_PK
--------------------------------------------------------

  CREATE UNIQUE INDEX "CYBERIO"."JOBS_PK" ON "CYBERIO"."JOBS" ("ID") 
  PCTFREE 10 INITRANS 2 MAXTRANS 255 
  STORAGE(INITIAL 65536 NEXT 1048576 MINEXTENTS 1 MAXEXTENTS 2147483645
  PCTINCREASE 0 FREELISTS 1 FREELIST GROUPS 1 BUFFER_POOL DEFAULT FLASH_CACHE DEFAULT CELL_FLASH_CACHE DEFAULT)
  TABLESPACE "USERS" ;
--------------------------------------------------------
--  Constraints for Table EMPLOYEES
--------------------------------------------------------

  ALTER TABLE "CYBERIO"."EMPLOYEES" ADD CONSTRAINT "EMPLOYEES_PK" PRIMARY KEY ("ID")
  USING INDEX PCTFREE 10 INITRANS 2 MAXTRANS 255 
  STORAGE(INITIAL 65536 NEXT 1048576 MINEXTENTS 1 MAXEXTENTS 2147483645
  PCTINCREASE 0 FREELISTS 1 FREELIST GROUPS 1 BUFFER_POOL DEFAULT FLASH_CACHE DEFAULT CELL_FLASH_CACHE DEFAULT)
  TABLESPACE "USERS"  ENABLE;
  ALTER TABLE "CYBERIO"."EMPLOYEES" MODIFY ("JOB_ID" NOT NULL ENABLE);
  ALTER TABLE "CYBERIO"."EMPLOYEES" MODIFY ("GENDER_ID" NOT NULL ENABLE);
  ALTER TABLE "CYBERIO"."EMPLOYEES" MODIFY ("ID" NOT NULL ENABLE);
--------------------------------------------------------
--  Constraints for Table EMPLOYEE_WORKED_HOURS
--------------------------------------------------------

  ALTER TABLE "CYBERIO"."EMPLOYEE_WORKED_HOURS" ADD CONSTRAINT "EMPLOYEE_WORKED_HOURS_PK" PRIMARY KEY ("ID")
  USING INDEX PCTFREE 10 INITRANS 2 MAXTRANS 255 
  STORAGE(INITIAL 65536 NEXT 1048576 MINEXTENTS 1 MAXEXTENTS 2147483645
  PCTINCREASE 0 FREELISTS 1 FREELIST GROUPS 1 BUFFER_POOL DEFAULT FLASH_CACHE DEFAULT CELL_FLASH_CACHE DEFAULT)
  TABLESPACE "USERS"  ENABLE;
  ALTER TABLE "CYBERIO"."EMPLOYEE_WORKED_HOURS" MODIFY ("WORKED_DATE" NOT NULL ENABLE);
  ALTER TABLE "CYBERIO"."EMPLOYEE_WORKED_HOURS" MODIFY ("WORKED_HOURS" NOT NULL ENABLE);
  ALTER TABLE "CYBERIO"."EMPLOYEE_WORKED_HOURS" MODIFY ("EMPLOYEE_ID" NOT NULL ENABLE);
  ALTER TABLE "CYBERIO"."EMPLOYEE_WORKED_HOURS" MODIFY ("ID" NOT NULL ENABLE);
--------------------------------------------------------
--  Constraints for Table GENDERS
--------------------------------------------------------

  ALTER TABLE "CYBERIO"."GENDERS" ADD CONSTRAINT "GENDER_PK" PRIMARY KEY ("ID")
  USING INDEX PCTFREE 10 INITRANS 2 MAXTRANS 255 
  STORAGE(INITIAL 65536 NEXT 1048576 MINEXTENTS 1 MAXEXTENTS 2147483645
  PCTINCREASE 0 FREELISTS 1 FREELIST GROUPS 1 BUFFER_POOL DEFAULT FLASH_CACHE DEFAULT CELL_FLASH_CACHE DEFAULT)
  TABLESPACE "USERS"  ENABLE;
  ALTER TABLE "CYBERIO"."GENDERS" MODIFY ("NAME" NOT NULL ENABLE);
  ALTER TABLE "CYBERIO"."GENDERS" MODIFY ("ID" NOT NULL ENABLE);
--------------------------------------------------------
--  Constraints for Table JOBS
--------------------------------------------------------

  ALTER TABLE "CYBERIO"."JOBS" ADD CONSTRAINT "JOBS_PK" PRIMARY KEY ("ID")
  USING INDEX PCTFREE 10 INITRANS 2 MAXTRANS 255 
  STORAGE(INITIAL 65536 NEXT 1048576 MINEXTENTS 1 MAXEXTENTS 2147483645
  PCTINCREASE 0 FREELISTS 1 FREELIST GROUPS 1 BUFFER_POOL DEFAULT FLASH_CACHE DEFAULT CELL_FLASH_CACHE DEFAULT)
  TABLESPACE "USERS"  ENABLE;
  ALTER TABLE "CYBERIO"."JOBS" MODIFY ("ID" NOT NULL ENABLE);
--------------------------------------------------------
--  Ref Constraints for Table EMPLOYEES
--------------------------------------------------------

  ALTER TABLE "CYBERIO"."EMPLOYEES" ADD CONSTRAINT "EMPLOYEES_GENDERS_FK" FOREIGN KEY ("GENDER_ID")
	  REFERENCES "CYBERIO"."GENDERS" ("ID") ENABLE;
  ALTER TABLE "CYBERIO"."EMPLOYEES" ADD CONSTRAINT "EMPLOYEES_JOBS_FK" FOREIGN KEY ("JOB_ID")
	  REFERENCES "CYBERIO"."JOBS" ("ID") ENABLE;
--------------------------------------------------------
--  Ref Constraints for Table EMPLOYEE_WORKED_HOURS
--------------------------------------------------------

  ALTER TABLE "CYBERIO"."EMPLOYEE_WORKED_HOURS" ADD CONSTRAINT "EMPLOYEE_WRK_HRS_FK" FOREIGN KEY ("EMPLOYEE_ID")
	  REFERENCES "CYBERIO"."EMPLOYEES" ("ID") ENABLE;
